-- phpMyAdmin SQL Dump
-- version 3.3.10.4
-- http://www.phpmyadmin.net
--
-- Host: mysql.victorlara.net
-- Generation Time: Oct 13, 2011 at 04:39 PM
-- Server version: 5.1.39
-- PHP Version: 5.3.5

SET SQL_MODE="NO_AUTO_VALUE_ON_ZERO";

--
-- Database: `cattracker_dev`
--

-- --------------------------------------------------------

--
-- Table structure for table `arrival`
--

CREATE TABLE IF NOT EXISTS `arrival` (
  `id` int(10) unsigned NOT NULL AUTO_INCREMENT,
  `location` int(10) unsigned NOT NULL,
  `time` time DEFAULT NULL,
  `line` int(10) unsigned NOT NULL,
  `sessionID` int(10) unsigned NOT NULL,
  PRIMARY KEY (`id`),
  UNIQUE KEY `line` (`line`,`time`,`sessionID`,`location`)
) ENGINE=InnoDB  DEFAULT CHARSET=utf8 AUTO_INCREMENT=438 ;

--
-- Dumping data for table `arrival`
--

INSERT INTO `arrival` (`id`, `location`, `time`, `line`, `sessionID`) VALUES
(1, 1, '06:45:00', 1, 4),
(24, 2, '06:50:00', 1, 4),
(47, 3, '06:52:00', 1, 4),
(70, 4, '06:59:00', 1, 4),
(93, 5, '07:01:00', 1, 4),
(116, 6, '07:03:00', 1, 4),
(139, 7, '07:05:00', 1, 4),
(162, 8, '07:08:00', 1, 4),
(185, 9, '07:15:00', 1, 4),
(208, 10, '07:17:00', 1, 4),
(2, 1, '07:25:00', 1, 4),
(231, 11, '07:28:00', 1, 4),
(25, 2, '07:30:00', 1, 4),
(254, 12, '07:30:00', 1, 4),
(48, 3, '07:32:00', 1, 4),
(277, 8, '07:37:00', 1, 4),
(71, 4, '07:39:00', 1, 4),
(300, 13, '07:40:00', 1, 4),
(94, 5, '07:41:00', 1, 4),
(323, 14, '07:42:00', 1, 4),
(117, 6, '07:43:00', 1, 4),
(140, 7, '07:45:00', 1, 4),
(346, 15, '07:46:00', 1, 4),
(163, 8, '07:48:00', 1, 4),
(369, 16, '07:53:00', 1, 4),
(186, 9, '07:55:00', 1, 4),
(392, 17, '07:55:00', 1, 4),
(209, 10, '07:57:00', 1, 4),
(3, 1, '08:05:00', 1, 4),
(232, 11, '08:08:00', 1, 4),
(26, 2, '08:10:00', 1, 4),
(255, 12, '08:10:00', 1, 4),
(49, 3, '08:12:00', 1, 4),
(278, 8, '08:17:00', 1, 4),
(72, 4, '08:19:00', 1, 4),
(301, 13, '08:20:00', 1, 4),
(95, 5, '08:21:00', 1, 4),
(324, 14, '08:22:00', 1, 4),
(118, 6, '08:23:00', 1, 4),
(141, 7, '08:25:00', 1, 4),
(347, 15, '08:26:00', 1, 4),
(164, 8, '08:28:00', 1, 4),
(370, 16, '08:33:00', 1, 4),
(187, 9, '08:35:00', 1, 4),
(393, 17, '08:35:00', 1, 4),
(210, 10, '08:37:00', 1, 4),
(4, 1, '08:45:00', 1, 4),
(233, 11, '08:48:00', 1, 4),
(27, 2, '08:50:00', 1, 4),
(256, 12, '08:50:00', 1, 4),
(50, 3, '08:52:00', 1, 4),
(279, 8, '08:57:00', 1, 4),
(73, 4, '08:59:00', 1, 4),
(302, 13, '09:00:00', 1, 4),
(96, 5, '09:01:00', 1, 4),
(325, 14, '09:02:00', 1, 4),
(119, 6, '09:03:00', 1, 4),
(142, 7, '09:05:00', 1, 4),
(348, 15, '09:06:00', 1, 4),
(165, 8, '09:08:00', 1, 4),
(371, 16, '09:13:00', 1, 4),
(188, 9, '09:15:00', 1, 4),
(394, 17, '09:15:00', 1, 4),
(211, 10, '09:17:00', 1, 4),
(5, 1, '09:25:00', 1, 4),
(234, 11, '09:28:00', 1, 4),
(28, 2, '09:30:00', 1, 4),
(257, 12, '09:30:00', 1, 4),
(51, 3, '09:32:00', 1, 4),
(280, 8, '09:37:00', 1, 4),
(74, 4, '09:39:00', 1, 4),
(303, 13, '09:40:00', 1, 4),
(97, 5, '09:41:00', 1, 4),
(326, 14, '09:42:00', 1, 4),
(120, 6, '09:43:00', 1, 4),
(143, 7, '09:45:00', 1, 4),
(349, 15, '09:46:00', 1, 4),
(166, 8, '09:48:00', 1, 4),
(372, 16, '09:53:00', 1, 4),
(189, 9, '09:55:00', 1, 4),
(395, 17, '09:55:00', 1, 4),
(212, 10, '09:57:00', 1, 4),
(6, 1, '10:05:00', 1, 4),
(235, 11, '10:08:00', 1, 4),
(29, 2, '10:10:00', 1, 4),
(258, 12, '10:10:00', 1, 4),
(52, 3, '10:12:00', 1, 4),
(281, 8, '10:17:00', 1, 4),
(75, 4, '10:19:00', 1, 4),
(304, 13, '10:20:00', 1, 4),
(98, 5, '10:21:00', 1, 4),
(327, 14, '10:22:00', 1, 4),
(121, 6, '10:23:00', 1, 4),
(144, 7, '10:25:00', 1, 4),
(350, 15, '10:26:00', 1, 4),
(167, 8, '10:28:00', 1, 4),
(373, 16, '10:33:00', 1, 4),
(190, 9, '10:35:00', 1, 4),
(396, 17, '10:35:00', 1, 4),
(213, 10, '10:37:00', 1, 4),
(7, 1, '10:45:00', 1, 4),
(236, 11, '10:48:00', 1, 4),
(30, 2, '10:50:00', 1, 4),
(259, 12, '10:50:00', 1, 4),
(53, 3, '10:52:00', 1, 4),
(282, 8, '10:57:00', 1, 4),
(76, 4, '10:59:00', 1, 4),
(305, 13, '11:00:00', 1, 4),
(99, 5, '11:01:00', 1, 4),
(328, 14, '11:02:00', 1, 4),
(122, 6, '11:03:00', 1, 4),
(145, 7, '11:05:00', 1, 4),
(351, 15, '11:06:00', 1, 4),
(168, 8, '11:08:00', 1, 4),
(374, 16, '11:13:00', 1, 4),
(191, 9, '11:15:00', 1, 4),
(397, 17, '11:15:00', 1, 4),
(214, 10, '11:17:00', 1, 4),
(8, 1, '11:25:00', 1, 4),
(237, 11, '11:28:00', 1, 4),
(31, 2, '11:30:00', 1, 4),
(260, 12, '11:30:00', 1, 4),
(54, 3, '11:32:00', 1, 4),
(283, 8, '11:37:00', 1, 4),
(77, 4, '11:39:00', 1, 4),
(306, 13, '11:40:00', 1, 4),
(100, 5, '11:41:00', 1, 4),
(329, 14, '11:42:00', 1, 4),
(123, 6, '11:43:00', 1, 4),
(146, 7, '11:45:00', 1, 4),
(352, 15, '11:46:00', 1, 4),
(169, 8, '11:48:00', 1, 4),
(375, 16, '11:53:00', 1, 4),
(192, 9, '11:55:00', 1, 4),
(398, 17, '11:55:00', 1, 4),
(215, 10, '11:57:00', 1, 4),
(9, 1, '12:05:00', 1, 4),
(238, 11, '12:08:00', 1, 4),
(32, 2, '12:10:00', 1, 4),
(261, 12, '12:10:00', 1, 4),
(55, 3, '12:12:00', 1, 4),
(284, 8, '12:17:00', 1, 4),
(78, 4, '12:19:00', 1, 4),
(307, 13, '12:20:00', 1, 4),
(101, 5, '12:21:00', 1, 4),
(330, 14, '12:22:00', 1, 4),
(124, 6, '12:23:00', 1, 4),
(147, 7, '12:25:00', 1, 4),
(353, 15, '12:26:00', 1, 4),
(170, 8, '12:28:00', 1, 4),
(376, 16, '12:33:00', 1, 4),
(193, 9, '12:35:00', 1, 4),
(399, 17, '12:35:00', 1, 4),
(216, 10, '12:37:00', 1, 4),
(10, 1, '12:45:00', 1, 4),
(239, 11, '12:48:00', 1, 4),
(33, 2, '12:50:00', 1, 4),
(262, 12, '12:50:00', 1, 4),
(56, 3, '12:52:00', 1, 4),
(285, 8, '12:57:00', 1, 4),
(79, 4, '12:59:00', 1, 4),
(308, 13, '13:00:00', 1, 4),
(102, 5, '13:01:00', 1, 4),
(331, 14, '13:02:00', 1, 4),
(125, 6, '13:03:00', 1, 4),
(148, 7, '13:05:00', 1, 4),
(354, 15, '13:06:00', 1, 4),
(171, 8, '13:08:00', 1, 4),
(377, 16, '13:13:00', 1, 4),
(194, 9, '13:15:00', 1, 4),
(400, 17, '13:15:00', 1, 4),
(217, 10, '13:17:00', 1, 4),
(11, 1, '13:25:00', 1, 4),
(240, 11, '13:28:00', 1, 4),
(34, 2, '13:30:00', 1, 4),
(263, 12, '13:30:00', 1, 4),
(57, 3, '13:32:00', 1, 4),
(286, 8, '13:37:00', 1, 4),
(80, 4, '13:39:00', 1, 4),
(309, 13, '13:40:00', 1, 4),
(103, 5, '13:41:00', 1, 4),
(332, 14, '13:42:00', 1, 4),
(126, 6, '13:43:00', 1, 4),
(149, 7, '13:45:00', 1, 4),
(355, 15, '13:46:00', 1, 4),
(172, 8, '13:48:00', 1, 4),
(378, 16, '13:53:00', 1, 4),
(195, 9, '13:55:00', 1, 4),
(401, 17, '13:55:00', 1, 4),
(218, 10, '13:57:00', 1, 4),
(12, 1, '14:05:00', 1, 4),
(241, 11, '14:08:00', 1, 4),
(35, 2, '14:10:00', 1, 4),
(264, 12, '14:10:00', 1, 4),
(58, 3, '14:12:00', 1, 4),
(287, 8, '14:17:00', 1, 4),
(81, 4, '14:19:00', 1, 4),
(310, 13, '14:20:00', 1, 4),
(104, 5, '14:21:00', 1, 4),
(333, 14, '14:22:00', 1, 4),
(127, 6, '14:23:00', 1, 4),
(150, 7, '14:25:00', 1, 4),
(356, 15, '14:26:00', 1, 4),
(173, 8, '14:28:00', 1, 4),
(379, 16, '14:33:00', 1, 4),
(196, 9, '14:35:00', 1, 4),
(402, 17, '14:35:00', 1, 4),
(219, 10, '14:37:00', 1, 4),
(13, 1, '14:45:00', 1, 4),
(242, 11, '14:48:00', 1, 4),
(36, 2, '14:50:00', 1, 4),
(265, 12, '14:50:00', 1, 4),
(59, 3, '14:52:00', 1, 4),
(288, 8, '14:57:00', 1, 4),
(82, 4, '14:59:00', 1, 4),
(311, 13, '15:00:00', 1, 4),
(105, 5, '15:01:00', 1, 4),
(334, 14, '15:02:00', 1, 4),
(128, 6, '15:03:00', 1, 4),
(151, 7, '15:05:00', 1, 4),
(357, 15, '15:06:00', 1, 4),
(174, 8, '15:08:00', 1, 4),
(380, 16, '15:13:00', 1, 4),
(197, 9, '15:15:00', 1, 4),
(403, 17, '15:15:00', 1, 4),
(220, 10, '15:17:00', 1, 4),
(14, 1, '15:25:00', 1, 4),
(243, 11, '15:28:00', 1, 4),
(37, 2, '15:30:00', 1, 4),
(266, 12, '15:30:00', 1, 4),
(60, 3, '15:32:00', 1, 4),
(289, 8, '15:37:00', 1, 4),
(83, 4, '15:39:00', 1, 4),
(312, 13, '15:40:00', 1, 4),
(106, 5, '15:41:00', 1, 4),
(335, 14, '15:42:00', 1, 4),
(129, 6, '15:43:00', 1, 4),
(152, 7, '15:45:00', 1, 4),
(358, 15, '15:46:00', 1, 4),
(175, 8, '15:48:00', 1, 4),
(381, 16, '15:53:00', 1, 4),
(198, 9, '15:55:00', 1, 4),
(404, 17, '15:55:00', 1, 4),
(221, 10, '15:57:00', 1, 4),
(15, 1, '16:05:00', 1, 4),
(244, 11, '16:08:00', 1, 4),
(38, 2, '16:10:00', 1, 4),
(267, 12, '16:10:00', 1, 4),
(61, 3, '16:12:00', 1, 4),
(290, 8, '16:17:00', 1, 4),
(84, 4, '16:19:00', 1, 4),
(313, 13, '16:20:00', 1, 4),
(107, 5, '16:21:00', 1, 4),
(336, 14, '16:22:00', 1, 4),
(130, 6, '16:23:00', 1, 4),
(153, 7, '16:25:00', 1, 4),
(359, 15, '16:26:00', 1, 4),
(176, 8, '16:28:00', 1, 4),
(382, 16, '16:33:00', 1, 4),
(199, 9, '16:35:00', 1, 4),
(405, 17, '16:35:00', 1, 4),
(222, 10, '16:37:00', 1, 4),
(16, 1, '16:45:00', 1, 4),
(245, 11, '16:48:00', 1, 4),
(39, 2, '16:50:00', 1, 4),
(268, 12, '16:50:00', 1, 4),
(62, 3, '16:52:00', 1, 4),
(291, 8, '16:57:00', 1, 4),
(85, 4, '16:59:00', 1, 4),
(314, 13, '17:00:00', 1, 4),
(108, 5, '17:01:00', 1, 4),
(337, 14, '17:02:00', 1, 4),
(131, 6, '17:03:00', 1, 4),
(154, 7, '17:05:00', 1, 4),
(360, 15, '17:06:00', 1, 4),
(177, 8, '17:08:00', 1, 4),
(383, 16, '17:13:00', 1, 4),
(200, 9, '17:15:00', 1, 4),
(406, 17, '17:15:00', 1, 4),
(223, 10, '17:17:00', 1, 4),
(17, 1, '17:25:00', 1, 4),
(246, 11, '17:28:00', 1, 4),
(40, 2, '17:30:00', 1, 4),
(269, 12, '17:30:00', 1, 4),
(63, 3, '17:32:00', 1, 4),
(292, 8, '17:37:00', 1, 4),
(86, 4, '17:39:00', 1, 4),
(315, 13, '17:40:00', 1, 4),
(109, 5, '17:41:00', 1, 4),
(338, 14, '17:42:00', 1, 4),
(132, 6, '17:43:00', 1, 4),
(155, 7, '17:45:00', 1, 4),
(361, 15, '17:46:00', 1, 4),
(178, 8, '17:48:00', 1, 4),
(384, 16, '17:53:00', 1, 4),
(201, 9, '17:55:00', 1, 4),
(407, 17, '17:55:00', 1, 4),
(224, 10, '17:57:00', 1, 4),
(18, 1, '18:05:00', 1, 4),
(247, 11, '18:08:00', 1, 4),
(41, 2, '18:10:00', 1, 4),
(270, 12, '18:10:00', 1, 4),
(64, 3, '18:12:00', 1, 4),
(293, 8, '18:17:00', 1, 4),
(87, 4, '18:19:00', 1, 4),
(316, 13, '18:20:00', 1, 4),
(110, 5, '18:21:00', 1, 4),
(339, 14, '18:22:00', 1, 4),
(133, 6, '18:23:00', 1, 4),
(156, 7, '18:25:00', 1, 4),
(362, 15, '18:26:00', 1, 4),
(179, 8, '18:28:00', 1, 4),
(385, 16, '18:33:00', 1, 4),
(202, 9, '18:35:00', 1, 4),
(408, 17, '18:35:00', 1, 4),
(225, 10, '18:37:00', 1, 4),
(19, 1, '18:45:00', 1, 4),
(248, 11, '18:48:00', 1, 4),
(42, 2, '18:50:00', 1, 4),
(271, 12, '18:50:00', 1, 4),
(65, 3, '18:52:00', 1, 4),
(294, 8, '18:57:00', 1, 4),
(88, 4, '18:59:00', 1, 4),
(317, 13, '19:00:00', 1, 4),
(111, 5, '19:01:00', 1, 4),
(340, 14, '19:02:00', 1, 4),
(134, 6, '19:03:00', 1, 4),
(157, 7, '19:05:00', 1, 4),
(363, 15, '19:06:00', 1, 4),
(180, 8, '19:08:00', 1, 4),
(386, 16, '19:13:00', 1, 4),
(203, 9, '19:15:00', 1, 4),
(409, 17, '19:15:00', 1, 4),
(226, 10, '19:17:00', 1, 4),
(20, 1, '19:25:00', 1, 4),
(249, 11, '19:28:00', 1, 4),
(43, 2, '19:30:00', 1, 4),
(272, 12, '19:30:00', 1, 4),
(66, 3, '19:32:00', 1, 4),
(295, 8, '19:37:00', 1, 4),
(89, 4, '19:39:00', 1, 4),
(318, 13, '19:40:00', 1, 4),
(112, 5, '19:41:00', 1, 4),
(341, 14, '19:42:00', 1, 4),
(135, 6, '19:43:00', 1, 4),
(158, 7, '19:45:00', 1, 4),
(364, 15, '19:46:00', 1, 4),
(181, 8, '19:48:00', 1, 4),
(387, 16, '19:53:00', 1, 4),
(433, 1, '19:55:00', 1, 4),
(204, 9, '19:55:00', 1, 4),
(410, 17, '19:55:00', 1, 4),
(227, 10, '19:57:00', 1, 4),
(21, 1, '20:05:00', 1, 4),
(250, 11, '20:08:00', 1, 4),
(44, 2, '20:10:00', 1, 4),
(273, 12, '20:10:00', 1, 4),
(67, 3, '20:12:00', 1, 4),
(296, 8, '20:17:00', 1, 4),
(90, 4, '20:19:00', 1, 4),
(319, 13, '20:20:00', 1, 4),
(113, 5, '20:21:00', 1, 4),
(342, 14, '20:22:00', 1, 4),
(136, 6, '20:23:00', 1, 4),
(159, 7, '20:25:00', 1, 4),
(365, 15, '20:26:00', 1, 4),
(182, 8, '20:28:00', 1, 4),
(388, 16, '20:33:00', 1, 4),
(205, 9, '20:35:00', 1, 4),
(411, 17, '20:35:00', 1, 4),
(228, 10, '20:37:00', 1, 4),
(22, 1, '20:45:00', 1, 4),
(251, 11, '20:48:00', 1, 4),
(45, 2, '20:50:00', 1, 4),
(274, 12, '20:50:00', 1, 4),
(68, 3, '20:52:00', 1, 4),
(297, 8, '20:57:00', 1, 4),
(91, 4, '20:59:00', 1, 4),
(320, 13, '21:00:00', 1, 4),
(114, 5, '21:01:00', 1, 4),
(343, 14, '21:02:00', 1, 4),
(137, 6, '21:03:00', 1, 4),
(160, 7, '21:05:00', 1, 4),
(366, 15, '21:06:00', 1, 4),
(183, 8, '21:08:00', 1, 4),
(389, 16, '21:13:00', 1, 4),
(206, 9, '21:15:00', 1, 4),
(412, 17, '21:15:00', 1, 4),
(229, 10, '21:17:00', 1, 4),
(435, 1, '21:25:00', 1, 4),
(252, 11, '21:28:00', 1, 4),
(275, 12, '21:30:00', 1, 4),
(298, 8, '21:37:00', 1, 4),
(321, 13, '21:40:00', 1, 4),
(344, 14, '21:42:00', 1, 4),
(367, 15, '21:46:00', 1, 4),
(390, 16, '21:53:00', 1, 4),
(413, 17, '21:55:00', 1, 4),
(23, 1, '22:05:00', 1, 4),
(46, 2, '22:10:00', 1, 4),
(69, 3, '22:12:00', 1, 4),
(92, 4, '22:19:00', 1, 4),
(115, 5, '22:21:00', 1, 4),
(138, 6, '22:23:00', 1, 4),
(161, 7, '22:25:00', 1, 4),
(184, 8, '22:28:00', 1, 4),
(207, 9, '22:35:00', 1, 4),
(230, 10, '22:37:00', 1, 4),
(253, 11, '23:00:00', 1, 4),
(276, 12, '23:02:00', 1, 4),
(299, 8, '23:09:00', 1, 4),
(322, 13, '23:12:00', 1, 4),
(345, 14, '23:14:00', 1, 4),
(368, 15, '23:18:00', 1, 4),
(391, 16, '23:25:00', 1, 4),
(414, 17, '23:27:00', 1, 4),
(437, 1, '23:37:00', 1, 4);

-- --------------------------------------------------------

--
-- Table structure for table `line`
--

CREATE TABLE IF NOT EXISTS `line` (
  `id` int(10) unsigned NOT NULL AUTO_INCREMENT,
  `name` varchar(255) DEFAULT NULL,
  PRIMARY KEY (`id`)
) ENGINE=InnoDB  DEFAULT CHARSET=latin1 AUTO_INCREMENT=2 ;

--
-- Dumping data for table `line`
--

INSERT INTO `line` (`id`, `name`) VALUES
(1, 'C1 Line');

-- --------------------------------------------------------

--
-- Table structure for table `location`
--

CREATE TABLE IF NOT EXISTS `location` (
  `id` int(10) unsigned NOT NULL AUTO_INCREMENT,
  `lat` decimal(17,14) DEFAULT NULL,
  `lng` decimal(17,14) DEFAULT NULL,
  `description` varchar(255) DEFAULT NULL,
  `name` varchar(255) DEFAULT NULL,
  PRIMARY KEY (`id`)
) ENGINE=InnoDB  DEFAULT CHARSET=latin1 AUTO_INCREMENT=18 ;

--
-- Dumping data for table `location`
--

INSERT INTO `location` (`id`, `lat`, `lng`, `description`, `name`) VALUES
(1, NULL, NULL, NULL, 'Granville Luxury Apts.'),
(2, NULL, NULL, NULL, 'Walmart'),
(3, NULL, NULL, NULL, 'Save Mart'),
(4, NULL, NULL, NULL, 'Swiss Colony Apts.'),
(5, NULL, NULL, NULL, 'G St. &amp; W. Alexander Ave.'),
(6, NULL, NULL, NULL, 'Rite Aid\r\n             Walgreens'),
(7, NULL, NULL, NULL, 'G St. and El Portal Dr.'),
(8, NULL, NULL, NULL, 'Mercy Hospital'),
(9, NULL, NULL, NULL, 'Scholars Lane'),
(10, NULL, NULL, NULL, 'Rec. Center'),
(11, NULL, NULL, NULL, 'Library'),
(12, NULL, NULL, NULL, 'Emigrant Pass'),
(13, NULL, NULL, NULL, 'El Portal Plaza'),
(14, NULL, NULL, NULL, 'Merced Sun-Star'),
(15, NULL, NULL, NULL, 'Merced Floral'),
(16, NULL, NULL, NULL, 'Barnes &amp; Noble'),
(17, NULL, NULL, NULL, 'Pier One Imports');

-- --------------------------------------------------------

--
-- Table structure for table `session`
--

CREATE TABLE IF NOT EXISTS `session` (
  `id` int(10) unsigned NOT NULL AUTO_INCREMENT,
  `description` varchar(255) DEFAULT NULL,
  `active` tinyint(1) DEFAULT NULL,
  PRIMARY KEY (`id`)
) ENGINE=InnoDB  DEFAULT CHARSET=latin1 AUTO_INCREMENT=5 ;

--
-- Dumping data for table `session`
--

INSERT INTO `session` (`id`, `description`, `active`) VALUES
(1, 'Summer', 1),
(4, 'Fall', 1);
